{"v+hYdvQXN2Ov8Jf+wUqTRA==":"logo_akademi-removebg-preview-122x122.png","SISEXv5b51orQJaRqrpm6g==":"logo_akademi-removebg-preview-192x192.png","vCXT/fp9F1lJCGIf3N9BZQ==":"profil%20akademi-1920x1080.png","mBdaPwjtSyUFzbn5/tQV6Q==":"desain%20tanpa%20judul-1280x800.png","tDY0YsHVJHZhhDNU9Dcluw==":"tanpa%20judul%20(1280%20x%20600%20piksel)-1280x600.png","MdEdZYFn0BRRaJs4av/BsQ==":"aka-720x1280.jpg","UC4EZEM127BYYErJSd6u3g==":"aka-1-720x1280.jpg","5tt/oJw45F3ueLcL2ZQ71Q==":"aas-1046x1046.jpg","EeFUTjZ40fmsFDbgFPSpcA==":"aas-1-1046x1046.jpg","yhjPdCz10luoAjIGD03gAw==":"homepage%20akademi.svg","bAub1qwM8A2J7m+5x+CiGg==":"homepage%20akademi1.svg","Cx53F7QtkfJqVpllP3tzWQ==":"photo_14_2024-04-06_15-44-11-1280x960.jpg","gsnKMw5iugTClvPunXoJpA==":"logo%20akademi%20haqin-1046x1046.png","Uk5GLfWMcZRg43x9OvlPqA==":"homepage%20akademi1-1280x600.png","DH4iafuswY2iDyBtNrQvbA==":"ustrazas-240x240.jpg","oPkDr8VwUtRCTslFWy4Njw==":"pakarif-240x272.jpg","pC49Vzd2PV12Fz3lm0g20g==":"logo%20it-240x240.png","jeb7tzOg8wQCMlKYUDMnBQ==":"mbr-1920x1436.jpg","eb2axMVZBiham6NH0DutFA==":"mbr-1920x935.jpg","yV4B9gXvcN2jivoaLa9HzA==":"mbr-1920x1280.jpg","Plxj8Wq58lG3+2jUeYZmcg==":"mbr-1920x1178.jpg","M9Fa39b/ky8GlJUwwS8VvA==":"photo_1_2024-10-18_15-14-29-325x325.jpg","mwtMgTyur/svLiPUI6AoJg==":"photo_1_2024-10-18_15-14-29-491x491.jpg","LfjLwgZWHgVr619x80k6rQ==":"photo_2_2024-10-18_15-14-29-519x519.jpg","g4WQ+4hiotLucAncadQXyg==":"photo_3_2024-10-18_15-14-29-519x519.jpg","V2d+OGlLrJyBrKmdQ4gy2g==":"photo_7_2024-10-18_15-14-29-519x519.jpg","OorI40rCFqu8X0SHHYeiig==":"photo_4_2024-10-18_15-14-29-519x519.jpg","MjTVW2QWDw3b4fwpTKfAnA==":"photo_6_2024-10-18_15-14-29-519x519.jpg","idOccleRaQhBts5GSk8KYw==":"logo%20akademi.svg","KL56665OtiHPEcy2yVXKIQ==":"logo%20akademi-121x121.png","ZP7af5+LZWcI98tvnraXKw==":"dsc09288-2000x1125.jpg","1uOi256WZ80g3B2vX0+73w==":"dsc09342-2000x1125.jpg","76eYPl/rz9GQOqasrK2beA==":"dsc09300-2000x1125.jpg","P1RiW8vxa0XNSMV8rbAbaw==":"kelas%20lp-1280x720.jpg","cTUetz9woNG+/4k/POiehg==":"kelas%20gca-1280x720.jpg","68gY3vxuakuc7uELbsEy8g==":"photo_2024-04-05_23-56-41-824x618.jpg","WisNHfABGqxqBe2r7iVXiA==":"t2-491x491.jpg","lwJiZOl3MzbDaLK5/swN+Q==":"ttttt-491x491.jpg","BSzKNLdS3PnYEECazZDwCA==":"t-491x491.jpg","sz7uuDn69lfAcEP2eQWapw==":"tttt-491x491.jpg","oeWiOkDW3bjBFELNjqBJgA==":"2-240x240.png","ceaARuK/VHXia16zVvuy4A==":"3-500x500.png","XfAkLiStvGiNVII7T9cUEQ==":"4-500x500.png","qNcS9ThZXvVCvqJaDusHeQ==":"saqura-500x500.png","gY9BbqrdZwHXdx6nArIx6g==":"5-500x500.png","5QIWxwwpwkN+f21qbp9o2w==":"profil-952x952.png","loaqXr3YQi+Dm6pc5dxGKA==":"profil-1046x1046.png","qECJZf3u5Bc9fRahYrlfWQ==":"photo_14_2024-04-06_15-44-12-1280x960.jpg","6r03fIlvRUDK7n09A/3PHw==":"photo_2024-04-05_23-07-39-1280x960.jpg","CfkUzXty0HynSzSYAHBHiw==":"photo_2024-04-05_23-56-41-1280x960.jpg","6PmfDDnYHlc1inWS7zieWQ==":"dsc09662-2000x1125.jpg","hdwCPRK9W4ovnu2DWlJkbA==":"dsc09662-2000x1125.jpeg","J5hsg+3Z5eR6DtrnUpqnhA==":"dsc09662-1-2000x1125.jpeg","x4lMhL7QwmGj/NgHeUjHuA==":"logo%20akademi-200x200.png","MI04zmXoSI+QvsD/avrCpQ==":"logo%20akademi-300x300.png","KddK1Gci/3yQYBnosPx0nQ==":"logo%20akademi-192x192.png","biwEGu5Kjx8/L8ASgp8cFA==":"profil-1080x1080.png","Xz6EbXtEJbAfLxTIXOapaQ==":"profil-1-1080x1080.png","pq00lEeiQjC2hfKUV6Y9Gg==":"1-1920x1080.png","8tJu1KYd3BpScbL3Fn9boQ==":"3-1920x1080.png","2yoScQbflImq0WMCOWtGHQ==":"6-1920x1080.png","tKSVRlKpLrDNtzO4y0wiyg==":"4-1920x1080.png","n6pOMEkc0nfj86dQddqihQ==":"6-666x375.png","cRBGUcR3NcSK4IAmFHcPjQ==":"bikin%20landing%20page%20pake%20google%20site%20%20kamu%20masih%20bingung%20gimana%20caranya%20bikin%20landing%20page%20%20di%20training%20website,%20kamu%20bakal%20diajarin%20bikin%20landing%20page%20pakai%20google%20site%20loh!%20%20%20disini,%20kita%20akan%20mengupas%20tuntas%20car.webp","F8IxO+jVzWxI1tD1qtfxvQ==":"k1-1000x1000.jpg","Mk/1CFk3qQDOH+MuNAOp9Q==":"k2-1000x1000.jpg","/f5a1Ew4iZibHnWOaw/sbQ==":"k3-1000x1000.jpg","TM8lGRNFXQaFNmVRqiv4FQ==":"k1-1000x1000.jpeg","XpQQyznHgBCit1WZUmYkuA==":"k1-1-1000x1000.jpeg","jnk1vCwHFcA9QyFdSG1lZg==":"k3-1000x1000.jpeg","A/9vE99tkOqV7hHcloX7bQ==":"image20.jpg","Ky/AVJooUIHAEWKjyltYqQ==":"k2-1000x1000.jpeg","aVfCInmvyje2G9Gh3AWuqg==":"k3-1-1000x1000.jpeg","Ao9O8bVtUdW1zoDDmjyx5w==":"k4-900x900.jpeg","k7Acjt/sptAn6aB1hJDP0w==":"k5-1000x1000.jpeg","Fjz0NbQetk+R32jQ2jiOcw==":"k6-1000x1000.jpg","pd2GxNDn1s/ESSCisY9DSg==":"k6-1000x1000.jpeg","08zkpQMPYYZYwo1IcTafKQ==":"k5-1-1000x1000.jpeg"}